"Date","Last"
"2015-01-02",20.738
"2015-01-03",20.738
"2015-01-04",20.738
"2015-01-05",20.442
"2015-01-06",19.82
"2015-01-07",19.913
"2015-01-08",19.836
"2015-01-09",19.75
"2015-01-10",19.75
"2015-01-11",19.75
"2015-01-12",20.095
"2015-01-13",20.686
"2015-01-14",20.718
"2015-01-15",20.397
"2015-01-16",20
"2015-01-17",20
"2015-01-18",20
"2015-01-19",19.489
"2015-01-20",19.575
"2015-01-21",19.782
"2015-01-22",19.855
"2015-01-23",19.82
"2015-01-24",19.82
"2015-01-25",19.82
"2015-01-26",19.996
"2015-01-27",20.276
"2015-01-28",20.611
"2015-01-29",20.986
"2015-01-30",20.564
"2015-01-31",20.564
"2015-02-01",20.564
"2015-02-02",20.7
"2015-02-03",20.484
"2015-02-04",20.732
"2015-02-05",21.716
"2015-02-06",21.464
"2015-02-07",21.464
"2015-02-08",21.464
"2015-02-09",21.758
"2015-02-10",22.275
"2015-02-11",23.27
"2015-02-12",24.395
"2015-02-13",23.71
"2015-02-14",23.71
"2015-02-15",23.71
"2015-02-16",23.061
"2015-02-17",22.774
"2015-02-18",22.867
"2015-02-19",22.11
"2015-02-20",22.509
"2015-02-21",22.509
"2015-02-22",22.509
"2015-02-23",22.165
"2015-02-24",22.617
"2015-02-25",23.481
"2015-02-26",23.888
"2015-02-27",23.245
"2015-02-28",23.245
"2015-03-01",23.245
"2015-03-02",22.551
"2015-03-03",22.13
"2015-03-04",22.335
"2015-03-05",21.589
"2015-03-06",21.335
"2015-03-07",21.335
"2015-03-08",21.335
"2015-03-09",21.864
"2015-03-10",21.89
"2015-03-11",22.168
"2015-03-12",21.885
"2015-03-13",21.712
"2015-03-14",21.712
"2015-03-15",21.712
"2015-03-16",21.425
"2015-03-17",21.319
"2015-03-18",21.443
"2015-03-19",21.394
"2015-03-20",21.18
"2015-03-21",21.18
"2015-03-22",21.18
"2015-03-23",21.053
"2015-03-24",21.366
"2015-03-25",21.293
"2015-03-26",21.993
"2015-03-27",21.935
"2015-03-28",21.935
"2015-03-29",21.935
"2015-03-30",21.892
"2015-03-31",21.692
"2015-04-01",22.175
"2015-04-02",21.978
"2015-04-03",21.978
"2015-04-04",21.978
"2015-04-05",21.978
"2015-04-06",21.978
"2015-04-07",21.7
"2015-04-08",21.822
"2015-04-09",21.946
"2015-04-10",21.81
"2015-04-11",21.81
"2015-04-12",21.81
"2015-04-13",22.142
"2015-04-14",21.653
"2015-04-15",21.876
"2015-04-16",21.62
"2015-04-17",21.193
"2015-04-18",21.193
"2015-04-19",21.193
"2015-04-20",21.281
"2015-04-21",21.513
"2015-04-22",21.33
"2015-04-23",21.1
"2015-04-24",21.199
"2015-04-25",21.199
"2015-04-26",21.199
"2015-04-27",21.034
"2015-04-28",20.976
"2015-04-29",21.005
"2015-04-30",20.6
"2015-05-01",20.6
"2015-05-02",20.6
"2015-05-03",20.6
"2015-05-04",20.6
"2015-05-05",20.461
"2015-05-06",20.431
"2015-05-07",20.2
"2015-05-08",20.37
"2015-05-09",20.37
"2015-05-10",20.37
"2015-05-11",21.117
"2015-05-12",20.924
"2015-05-13",20.794
"2015-05-14",20.589
"2015-05-15",20.601
"2015-05-16",20.601
"2015-05-17",20.601
"2015-05-18",20.425
"2015-05-19",20.489
"2015-05-20",20.627
"2015-05-21",20.591
"2015-05-22",20.56
"2015-05-23",20.56
"2015-05-24",20.56
"2015-05-25",20.56
"2015-05-26",20.648
"2015-05-27",20.744
"2015-05-28",20.838
"2015-05-29",20.473
"2015-05-30",20.473
"2015-05-31",20.473
"2015-06-01",20.356
"2015-06-02",20.339
"2015-06-03",20.348
"2015-06-04",20.169
"2015-06-05",20.295
"2015-06-06",20.295
"2015-06-07",20.295
"2015-06-08",20.523
"2015-06-09",20.57
"2015-06-10",20.574
"2015-06-11",20.256
"2015-06-12",20.224
"2015-06-13",20.224
"2015-06-14",20.224
"2015-06-15",20.25
"2015-06-16",20.402
"2015-06-17",20.297
"2015-06-18",20.334
"2015-06-19",20.5
"2015-06-20",20.5
"2015-06-21",20.5
"2015-06-22",20.876
"2015-06-23",20.856
"2015-06-24",20.775
"2015-06-25",20.693
"2015-06-26",20.67
"2015-06-27",20.67
"2015-06-28",20.67
"2015-06-29",20.65
"2015-06-30",20.708
"2015-07-01",20.78
"2015-07-02",21.07
"2015-07-03",21.03
"2015-07-04",21.03
"2015-07-05",21.03
"2015-07-06",20.87
"2015-07-07",20.78
"2015-07-08",20.65
"2015-07-09",20.92
"2015-07-10",21.01
"2015-07-11",21.01
"2015-07-12",21.01
"2015-07-13",21.13
"2015-07-14",20.97
"2015-07-15",21.08
"2015-07-16",21.16
"2015-07-17",21.09
"2015-07-18",21.09
"2015-07-19",21.09
"2015-07-20",21.08
"2015-07-21",20.92
"2015-07-22",20.85
"2015-07-23",20.69
"2015-07-24",20.62
"2015-07-25",20.62
"2015-07-26",20.62
"2015-07-27",20.71
"2015-07-28",20.94
"2015-07-29",20.93
"2015-07-30",21.09
"2015-07-31",20.7
"2015-08-01",20.7
"2015-08-02",20.7
"2015-08-03",20.55
"2015-08-04",20.44
"2015-08-05",20.43
"2015-08-06",20.48
"2015-08-07",20.18
"2015-08-08",20.18
"2015-08-09",20.18
"2015-08-10",20.16
"2015-08-11",20.18
"2015-08-12",19.72
"2015-08-13",19.54
"2015-08-14",19.58
"2015-08-15",19.58
"2015-08-16",19.58
"2015-08-17",19.5
"2015-08-18",19.63
"2015-08-19",19.43
"2015-08-20",19.24
"2015-08-21",19.17
"2015-08-22",19.17
"2015-08-23",19.17
"2015-08-24",18.56
"2015-08-25",18.95
"2015-08-26",18.88
"2015-08-27",19.25
"2015-08-28",19.54
"2015-08-29",19.54
"2015-08-30",19.54
"2015-08-31",19.54
"2015-09-01",19.65
"2015-09-02",19.72
"2015-09-03",19.81
"2015-09-04",19.62
"2015-09-05",19.62
"2015-09-06",19.62
"2015-09-07",19.41
"2015-09-08",19.53
"2015-09-09",19.55
"2015-09-10",19.51
"2015-09-11",19.4
"2015-09-12",19.4
"2015-09-13",19.4
"2015-09-14",19.3
"2015-09-15",19.16
"2015-09-16",19.41
"2015-09-17",19.21
"2015-09-18",19.06
"2015-09-19",19.06
"2015-09-20",19.06
"2015-09-21",18.98
"2015-09-22",19.08
"2015-09-23",19.01
"2015-09-24",18.81
"2015-09-25",18.95
"2015-09-26",18.95
"2015-09-27",18.95
"2015-09-28",18.68
"2015-09-29",18.68
"2015-09-30",18.88
"2015-10-01",18.57
"2015-10-02",18.45
"2015-10-03",18.45
"2015-10-04",18.45
"2015-10-05",18.7
"2015-10-06",19.1
"2015-10-07",18.99
"2015-10-08",19.03
"2015-10-09",18.85
"2015-10-10",18.85
"2015-10-11",18.85
"2015-10-12",18.62
"2015-10-13",18.39
"2015-10-14",18.21
"2015-10-15",18.32
"2015-10-16",18.43
"2015-10-17",18.43
"2015-10-18",18.43
"2015-10-19",18.61
"2015-10-20",18.38
"2015-10-21",18.31
"2015-10-22",18.4
"2015-10-23",18.5
"2015-10-24",18.5
"2015-10-25",18.5
"2015-10-26",18.3
"2015-10-27",18.34
"2015-10-28",18.41
"2015-10-29",18.43
"2015-10-30",18.26
"2015-10-31",18.26
"2015-11-01",18.26
"2015-11-02",18.1
"2015-11-03",18.12
"2015-11-04",18.22
"2015-11-05",18.01
"2015-11-06",18.11
"2015-11-07",18.11
"2015-11-08",18.11
"2015-11-09",17.76
"2015-11-10",17.48
"2015-11-11",17.33
"2015-11-12",17.09
"2015-11-13",17.23
"2015-11-14",17.23
"2015-11-15",17.23
"2015-11-16",17.51
"2015-11-17",18.03
"2015-11-18",17.56
"2015-11-19",17.79
"2015-11-20",17.47
"2015-11-21",17.47
"2015-11-22",17.47
"2015-11-23",17.46
"2015-11-24",17.67
"2015-11-25",17.85
"2015-11-26",17.92
"2015-11-27",17.85
"2015-11-28",17.85
"2015-11-29",17.85
"2015-11-30",18.59
"2015-12-01",18.31
"2015-12-02",17.85
"2015-12-03",17.6
"2015-12-04",17.59
"2015-12-05",17.59
"2015-12-06",17.59
"2015-12-07",17.05
"2015-12-08",16.95
"2015-12-09",16.8
"2015-12-10",16.73
"2015-12-11",16.36
"2015-12-12",16.36
"2015-12-13",16.36
"2015-12-14",16.1
"2015-12-15",16.31
"2015-12-16",15.86
"2015-12-17",16
"2015-12-18",15.73
"2015-12-19",15.73
"2015-12-20",15.73
"2015-12-21",15.35
"2015-12-22",15.25
"2015-12-23",14.78
"2015-12-24",14.72
"2015-12-25",14.72
"2015-12-26",14.72
"2015-12-27",14.72
"2015-12-28",14.72
"2015-12-29",15.72
"2015-12-30",15.32
"2015-12-31",15.14
"2016-01-01",15.14
"2016-01-02",15.14
"2016-01-03",15.14
"2016-01-04",14.91
"2016-01-05",15.14
"2016-01-06",15.49
"2016-01-07",15.87
"2016-01-08",15
"2016-01-09",15
"2016-01-10",15
"2016-01-11",14.93
"2016-01-12",14.4
"2016-01-13",14.47
"2016-01-14",14.1
"2016-01-15",13.69
"2016-01-16",13.69
"2016-01-17",13.69
"2016-01-18",13.8
"2016-01-19",13.66
"2016-01-20",13.12
"2016-01-21",13
"2016-01-22",13.84
"2016-01-23",13.84
"2016-01-24",13.84
"2016-01-25",13.17
"2016-01-26",13.43
"2016-01-27",13.69
"2016-01-28",14.04
"2016-01-29",13.82
"2016-01-30",13.82
"2016-01-31",13.82
"2016-02-01",13.16
"2016-02-02",13.25
"2016-02-03",13.3
"2016-02-04",12.8
"2016-02-05",12.69
"2016-02-06",12.69
"2016-02-07",12.69
"2016-02-08",12.63
"2016-02-09",12.55
"2016-02-10",12.44
"2016-02-11",12.27
"2016-02-12",12.52
"2016-02-13",12.52
"2016-02-14",12.52
"2016-02-15",12.37
"2016-02-16",12.2
"2016-02-17",12.29
"2016-02-18",12.54
"2016-02-19",12.4
"2016-02-20",12.4
"2016-02-21",12.4
"2016-02-22",12.8
"2016-02-23",12.7
"2016-02-24",12.36
"2016-02-25",12.18
"2016-02-26",12.45
"2016-02-27",12.45
"2016-02-28",12.45
"2016-02-29",12.53
"2016-03-01",12.52
"2016-03-02",12.53
"2016-03-03",12.41
"2016-03-04",12.17
"2016-03-05",12.17
"2016-03-06",12.17
"2016-03-07",12.18
"2016-03-08",12.2
"2016-03-09",12.31
"2016-03-10",12.16
"2016-03-11",12.22
"2016-03-12",12.22
"2016-03-13",12.22
"2016-03-14",12.23
"2016-03-15",12.35
"2016-03-16",12.25
"2016-03-17",12.32
"2016-03-18",12.37
"2016-03-19",12.37
"2016-03-20",12.37
"2016-03-21",12.13
"2016-03-22",12.17
"2016-03-23",12.15
"2016-03-24",12.23
"2016-03-25",12.23
"2016-03-26",12.23
"2016-03-27",12.23
"2016-03-28",12.23
"2016-03-29",12.15
"2016-03-30",12.2
"2016-03-31",12.11
"2016-04-01",11.75
"2016-04-02",11.75
"2016-04-03",11.75
"2016-04-04",11.58
"2016-04-05",11.47
"2016-04-06",11.58
"2016-04-07",11.3
"2016-04-08",11.44
"2016-04-09",11.44
"2016-04-10",11.44
"2016-04-11",11.43
"2016-04-12",11.43
"2016-04-13",11.51
"2016-04-14",11.41
"2016-04-15",11.51
"2016-04-16",11.51
"2016-04-17",11.51
"2016-04-18",11.58
"2016-04-19",11.87
"2016-04-20",12.05
"2016-04-21",12.62
"2016-04-22",13.14
"2016-04-23",13.14
"2016-04-24",13.14
"2016-04-25",13.08
"2016-04-26",14.11
"2016-04-27",14.12
"2016-04-28",12.78
"2016-04-29",12.95
"2016-04-30",12.95
"2016-05-01",12.95
"2016-05-02",12.95
"2016-05-03",12.31
"2016-05-04",12.59
"2016-05-05",12.9
"2016-05-06",13.07
"2016-05-07",13.07
"2016-05-08",13.07
"2016-05-09",13.15
"2016-05-10",13.1
"2016-05-11",13.23
"2016-05-12",13.12
"2016-05-13",12.98
"2016-05-14",12.98
"2016-05-15",12.98
"2016-05-16",13.21
"2016-05-17",13.23
"2016-05-18",13.28
"2016-05-19",13.06
"2016-05-20",13.18
"2016-05-21",13.18
"2016-05-22",13.18
"2016-05-23",13.09
"2016-05-24",13.1
"2016-05-25",13.38
"2016-05-26",13.62
"2016-05-27",14.05
"2016-05-28",14.05
"2016-05-29",14.05
"2016-05-30",14.05
"2016-05-31",14.33
"2016-06-01",14.24
"2016-06-02",14.39
"2016-06-03",14.28
"2016-06-04",14.28
"2016-06-05",14.28
"2016-06-06",14.58
"2016-06-07",14.78
"2016-06-08",14.51
"2016-06-09",14.23
"2016-06-10",13.99
"2016-06-11",13.99
"2016-06-12",13.99
"2016-06-13",13.87
"2016-06-14",14.24
"2016-06-15",14.3
"2016-06-16",14.18
"2016-06-17",14.5
"2016-06-18",14.5
"2016-06-19",14.5
"2016-06-20",15.19
"2016-06-21",14.78
"2016-06-22",15.22
"2016-06-23",15.2
"2016-06-24",14.7
"2016-06-25",14.7
"2016-06-26",14.7
"2016-06-27",14.2
"2016-06-28",14.22
"2016-06-29",14.49
"2016-06-30",14.37
"2016-07-01",14.3
"2016-07-02",14.3
"2016-07-03",14.3
"2016-07-04",14.62
"2016-07-05",14.27
"2016-07-06",14.28
"2016-07-07",14.45
"2016-07-08",14.25
"2016-07-09",14.25
"2016-07-10",14.25
"2016-07-11",14.18
"2016-07-12",14.4
"2016-07-13",14.29
"2016-07-14",14.42
"2016-07-15",14.3
"2016-07-16",14.3
"2016-07-17",14.3
"2016-07-18",14.31
"2016-07-19",14.52
"2016-07-20",14.8
"2016-07-21",15.12
"2016-07-22",14.97
"2016-07-23",14.97
"2016-07-24",14.97
"2016-07-25",14.99
"2016-07-26",14.69
"2016-07-27",14.62
"2016-07-28",14.31
"2016-07-29",14.63
"2016-07-30",14.63
"2016-07-31",14.63
"2016-08-01",14.21
"2016-08-02",14.02
"2016-08-03",13.9
"2016-08-04",13.84
"2016-08-05",13.53
"2016-08-06",13.53
"2016-08-07",13.53
"2016-08-08",13.17
"2016-08-09",13.07
"2016-08-10",13.06
"2016-08-11",13
"2016-08-12",12.44
"2016-08-13",12.44
"2016-08-14",12.44
"2016-08-15",11.85
"2016-08-16",12.13
"2016-08-17",12.25
"2016-08-18",12.12
"2016-08-19",10.91
"2016-08-20",10.91
"2016-08-21",10.91
"2016-08-22",11.49
"2016-08-23",11.89
"2016-08-24",11.33
"2016-08-25",11.38
"2016-08-26",11.81
"2016-08-27",11.81
"2016-08-28",11.81
"2016-08-29",11.81
"2016-08-30",11.92
"2016-08-31",13.05
"2016-09-01",12.86
"2016-09-02",12.94
"2016-09-03",12.94
"2016-09-04",12.94
"2016-09-05",12.89
"2016-09-06",12.71
"2016-09-07",12.34
"2016-09-08",12.29
"2016-09-09",12.25
"2016-09-10",12.25
"2016-09-11",12.25
"2016-09-12",12.09
"2016-09-13",12.29
"2016-09-14",12.23
"2016-09-15",12.88
"2016-09-16",13
"2016-09-17",13
"2016-09-18",13
"2016-09-19",13.68
"2016-09-20",13.29
"2016-09-21",13.56
"2016-09-22",13.8
"2016-09-23",14.32
"2016-09-24",14.32
"2016-09-25",14.32
"2016-09-26",14.13
"2016-09-27",13.56
"2016-09-28",14.03
"2016-09-29",14.18
"2016-09-30",15.49
"2016-10-01",15.49
"2016-10-02",15.49
"2016-10-03",15.65
"2016-10-04",16.19
"2016-10-05",16.29
"2016-10-06",16.64
"2016-10-07",16.17
"2016-10-08",16.17
"2016-10-09",16.17
"2016-10-10",16.06
"2016-10-11",15.63
"2016-10-12",15.58
"2016-10-13",16
"2016-10-14",16.25
"2016-10-15",16.25
"2016-10-16",16.25
"2016-10-17",16.43
"2016-10-18",16.83
"2016-10-19",16.89
"2016-10-20",17.03
"2016-10-21",16.93
"2016-10-22",16.93
"2016-10-23",16.93
"2016-10-24",17.35
"2016-10-25",17.63
"2016-10-26",17.15
"2016-10-27",17.39
"2016-10-28",17.29
"2016-10-29",17.29
"2016-10-30",17.29
"2016-10-31",17.82
"2016-11-01",18.45
"2016-11-02",18.95
"2016-11-03",18.76
"2016-11-04",18.26
"2016-11-05",18.26
"2016-11-06",18.26
"2016-11-07",17.96
"2016-11-08",17.66
"2016-11-09",17.9
"2016-11-10",18.08
"2016-11-11",18.03
"2016-11-12",18.03
"2016-11-13",18.03
"2016-11-14",17.61
"2016-11-15",17.85
"2016-11-16",17.63
"2016-11-17",17.61
"2016-11-18",17.79
"2016-11-19",17.79
"2016-11-20",17.79
"2016-11-21",17.38
"2016-11-22",17.5
"2016-11-23",17.73
"2016-11-24",17.65
"2016-11-25",17.51
"2016-11-26",17.51
"2016-11-27",17.51
"2016-11-28",17.84
"2016-11-29",17.86
"2016-11-30",18.2
"2016-12-01",18.06
"2016-12-02",17.49
"2016-12-03",17.49
"2016-12-04",17.49
"2016-12-05",16.85
"2016-12-06",16.23
"2016-12-07",16.17
"2016-12-08",16.54
"2016-12-09",16.51
"2016-12-10",16.51
"2016-12-11",16.51
"2016-12-12",16.94
"2016-12-13",17.24
"2016-12-14",17.02
"2016-12-15",17.01
"2016-12-16",17.61
"2016-12-17",17.61
"2016-12-18",17.61
"2016-12-19",17.34
"2016-12-20",17.45
"2016-12-21",17.62
"2016-12-22",18.13
"2016-12-23",18.12
"2016-12-24",18.12
"2016-12-25",18.12
"2016-12-26",18.12
"2016-12-27",18.12
"2016-12-28",18.62
"2016-12-29",18.89
"2016-12-30",19.39
"2016-12-31",19.39
"2017-01-01",19.39
"2017-01-02",19.39
"2017-01-03",18.37
"2017-01-04",18.79
"2017-01-05",18.77
"2017-01-06",18.44
"2017-01-07",18.44
"2017-01-08",18.44
"2017-01-09",19.14
"2017-01-10",19.84
"2017-01-11",20.51
"2017-01-12",20.3
"2017-01-13",20.04
"2017-01-14",20.04
"2017-01-15",20.04
"2017-01-16",19.03
"2017-01-17",19.63
"2017-01-18",19.7
"2017-01-19",19.84
"2017-01-20",20.61
"2017-01-21",20.61
"2017-01-22",20.61
"2017-01-23",21.2
"2017-01-24",20.69
"2017-01-25",20.03
"2017-01-26",20
"2017-01-27",19.67
"2017-01-28",19.67
"2017-01-29",19.67
"2017-01-30",20.58
"2017-01-31",20.93
"2017-02-01",21.83
"2017-02-02",21.88
"2017-02-03",22.3
"2017-02-04",22.3
"2017-02-05",22.3
"2017-02-06",21.97
"2017-02-07",21.33
"2017-02-08",20.38
"2017-02-09",20.26
"2017-02-10",19.9
"2017-02-11",19.9
"2017-02-12",19.9
"2017-02-13",19.07
"2017-02-14",18.81
"2017-02-15",19
"2017-02-16",19.12
"2017-02-17",18.62
"2017-02-18",18.62
"2017-02-19",18.62
"2017-02-20",18.63
"2017-02-21",18.35
"2017-02-22",18.23
"2017-02-23",18.59
"2017-02-24",17.97
"2017-02-25",17.97
"2017-02-26",17.97
"2017-02-27",17.64
"2017-02-28",17.03
"2017-03-01",17.49
"2017-03-02",16.96
"2017-03-03",17.1
"2017-03-04",17.1
"2017-03-05",17.1
"2017-03-06",17.06
"2017-03-07",16.75
"2017-03-08",16.55
"2017-03-09",16.51
"2017-03-10",16.4
"2017-03-11",16.4
"2017-03-12",16.4
"2017-03-13",16.26
"2017-03-14",16.31
"2017-03-15",16.43
"2017-03-16",16.32
"2017-03-17",16.35
"2017-03-18",16.35
"2017-03-19",16.35
"2017-03-20",16.11
"2017-03-21",15.92
"2017-03-22",16.05
"2017-03-23",15.99
"2017-03-24",15.58
"2017-03-25",15.58
"2017-03-26",15.58
"2017-03-27",15.3
"2017-03-28",15.45
"2017-03-29",16.07
"2017-03-30",16.32
"2017-03-31",16.14
"2017-04-01",16.14
"2017-04-02",16.14
"2017-04-03",16.34
"2017-04-04",16.42
"2017-04-05",16.47
"2017-04-06",16.39
"2017-04-07",16.1
"2017-04-08",16.1
"2017-04-09",16.1
"2017-04-10",15.8
"2017-04-11",15.89
"2017-04-12",15.88
"2017-04-13",15.96
"2017-04-14",15.96
"2017-04-15",15.96
"2017-04-16",15.96
"2017-04-17",15.96
"2017-04-18",16.51
"2017-04-19",16.47
"2017-04-20",16.32
"2017-04-21",16.58
"2017-04-22",16.58
"2017-04-23",16.58
"2017-04-24",16.47
"2017-04-25",16.05
"2017-04-26",16.45
"2017-04-27",16.39
"2017-04-28",16.46
"2017-04-29",16.46
"2017-04-30",16.46
"2017-05-01",16.46
"2017-05-02",16.73
"2017-05-03",16.58
"2017-05-04",16.18
"2017-05-05",16.1
"2017-05-06",16.1
"2017-05-07",16.1
"2017-05-08",15.79
"2017-05-09",15.8
"2017-05-10",15.89
"2017-05-11",15.64
"2017-05-12",15.63
"2017-05-13",15.63
"2017-05-14",15.63
"2017-05-15",15.76
"2017-05-16",15.71
"2017-05-17",15.88
"2017-05-18",16.08
"2017-05-19",15.88
"2017-05-20",15.88
"2017-05-21",15.88
"2017-05-22",15.85
"2017-05-23",16
"2017-05-24",15.91
"2017-05-25",15.71
"2017-05-26",15.76
"2017-05-27",15.76
"2017-05-28",15.76
"2017-05-29",15.76
"2017-05-30",16.01
"2017-05-31",15.59
"2017-06-01",15.54
"2017-06-02",15.3
"2017-06-03",15.3
"2017-06-04",15.3
"2017-06-05",15.47
"2017-06-06",15.33
"2017-06-07",15.36
"2017-06-08",15.78
"2017-06-09",15.39
"2017-06-10",15.39
"2017-06-11",15.39
"2017-06-12",15.22
"2017-06-13",15.15
"2017-06-14",15.14
"2017-06-15",14.98
"2017-06-16",14.91
"2017-06-17",14.91
"2017-06-18",14.91
"2017-06-19",15.21
"2017-06-20",15.16
"2017-06-21",15.05
"2017-06-22",14.99
"2017-06-23",14.96
"2017-06-24",14.96
"2017-06-25",14.96
"2017-06-26",15.16
"2017-06-27",15.33
"2017-06-28",15.62
"2017-06-29",15.49
"2017-06-30",15.28
"2017-07-01",15.28
"2017-07-02",15.28
"2017-07-03",15.56
"2017-07-04",15.4
"2017-07-05",15.32
"2017-07-06",15.49
"2017-07-07",15.13
"2017-07-08",15.13
"2017-07-09",15.13
"2017-07-10",15.07
"2017-07-11",14.84
"2017-07-12",14.81
"2017-07-13",14.88
"2017-07-14",14.96
"2017-07-15",14.96
"2017-07-16",14.96
"2017-07-17",15.23
"2017-07-18",15.04
"2017-07-19",15.05
"2017-07-20",15.24
"2017-07-21",15
"2017-07-22",15
"2017-07-23",15
"2017-07-24",14.97
"2017-07-25",15.09
"2017-07-26",15.49
"2017-07-27",15.34
"2017-07-28",15.17
"2017-07-29",15.17
"2017-07-30",15.17
"2017-07-31",15.23
"2017-08-01",14.88
"2017-08-02",15.13
"2017-08-03",15.15
"2017-08-04",15.23
"2017-08-05",15.23
"2017-08-06",15.23
"2017-08-07",15.67
"2017-08-08",15.51
"2017-08-09",15.82
"2017-08-10",15.94
"2017-08-11",16.27
"2017-08-12",16.27
"2017-08-13",16.27
"2017-08-14",15.99
"2017-08-15",15.88
"2017-08-16",16.37
"2017-08-17",16.38
"2017-08-18",16.27
"2017-08-19",16.27
"2017-08-20",16.27
"2017-08-21",16.29
"2017-08-22",16.33
"2017-08-23",16.46
"2017-08-24",16.39
"2017-08-25",16.41
"2017-08-26",16.41
"2017-08-27",16.41
"2017-08-28",16.41
"2017-08-29",16.54
"2017-08-30",16.59
"2017-08-31",16.53
"2017-09-01",16.53
"2017-09-02",16.53
"2017-09-03",16.53
"2017-09-04",16.63
"2017-09-05",17.06
"2017-09-06",17.02
"2017-09-07",16.994
"2017-09-08",16.887
"2017-09-09",16.887
"2017-09-10",16.887
"2017-09-11",17.27
"2017-09-12",17.309
"2017-09-13",17.49
"2017-09-14",17.688
"2017-09-15",17.294
"2017-09-16",17.294
"2017-09-17",17.294
"2017-09-18",17.169
"2017-09-19",17.273
"2017-09-20",17.017
"2017-09-21",16.905
"2017-09-22",16.797
"2017-09-23",16.797
"2017-09-24",16.797
"2017-09-25",17.544
"2017-09-26",17.576
"2017-09-27",17.662
"2017-09-28",17.717
"2017-09-29",17.601
"2017-09-30",17.601
"2017-10-01",17.601
"2017-10-02",17.758
"2017-10-03",18.124
"2017-10-04",18.158
"2017-10-05",18.302
"2017-10-06",18.285
"2017-10-07",18.285
"2017-10-08",18.285
"2017-10-09",18.402
"2017-10-10",18.346
"2017-10-11",18.23
"2017-10-12",18.024
"2017-10-13",18.125
"2017-10-14",18.125
"2017-10-15",18.125
"2017-10-16",18.305
"2017-10-17",18.381
"2017-10-18",18.54
"2017-10-19",18.311
"2017-10-20",18.028
"2017-10-21",18.028
"2017-10-22",18.028
"2017-10-23",17.997
"2017-10-24",17.883
"2017-10-25",18.077
"2017-10-26",17.94
"2017-10-27",18.037
"2017-10-28",18.037
"2017-10-29",18.037
"2017-10-30",17.962
"2017-10-31",18.491
"2017-11-01",18.68
"2017-11-02",18.661
"2017-11-03",18.43
"2017-11-04",18.43
"2017-11-05",18.43
"2017-11-06",19.038
"2017-11-07",19.356
"2017-11-08",19.482
"2017-11-09",19.549
"2017-11-10",19.686
"2017-11-11",19.686
"2017-11-12",19.686
"2017-11-13",19.961
"2017-11-14",19.432
"2017-11-15",19.058
"2017-11-16",19.228
"2017-11-17",18.94
"2017-11-18",18.94
"2017-11-19",18.94
"2017-11-20",19.595
"2017-11-21",19.931
"2017-11-22",19.708
"2017-11-23",20.194
"2017-11-24",20.489
"2017-11-25",20.489
"2017-11-26",20.489
"2017-11-27",20.661
"2017-11-28",20.305
"2017-11-29",20.37
"2017-11-30",20.443
"2017-12-01",20.923
"2017-12-02",20.923
"2017-12-03",20.923
"2017-12-04",21.382
"2017-12-05",21.507
"2017-12-06",21.292
"2017-12-07",21.453
"2017-12-08",21.033
"2017-12-09",21.033
"2017-12-10",21.033
"2017-12-11",21.06
"2017-12-12",21.945
"2017-12-13",20.837
"2017-12-14",21.217
"2017-12-15",21.082
"2017-12-16",21.082
"2017-12-17",21.082
"2017-12-18",20.44
"2017-12-19",20.084
"2017-12-20",20.246
"2017-12-21",20.01
"2017-12-22",19.981
"2017-12-23",19.981
"2017-12-24",19.981
"2017-12-25",19.981
"2017-12-26",19.981
"2017-12-27",19.133
"2017-12-28",19.63
"2017-12-29",19.475
"2017-12-30",19.475
"2017-12-31",19.475
"2018-01-01",19.475
"2018-01-02",19.414
"2018-01-03",19.525
"2018-01-04",19.446
"2018-01-05",18.915
"2018-01-06",18.915
"2018-01-07",18.915
"2018-01-08",19.022
"2018-01-09",19.342
"2018-01-10",19.454
"2018-01-11",19.254
"2018-01-12",19.698
"2018-01-13",19.698
"2018-01-14",19.698
"2018-01-15",19.028
"2018-01-16",18.848
"2018-01-17",18.388
"2018-01-18",18.213
"2018-01-19",18.091
"2018-01-20",18.091
"2018-01-21",18.091
"2018-01-22",18.559
"2018-01-23",18.293
"2018-01-24",17.878
"2018-01-25",17.677
"2018-01-26",17.77
"2018-01-27",17.77
"2018-01-28",17.77
"2018-01-29",17.39
"2018-01-30",17.233
"2018-01-31",17.95
"2018-02-01",18.249
"2018-02-02",18.025
"2018-02-03",18.025
"2018-02-04",18.025
"2018-02-05",17.515
"2018-02-06",17.805
"2018-02-07",18.099
"2018-02-08",17.733
"2018-02-09",17.71
"2018-02-10",17.71
"2018-02-11",17.71
"2018-02-12",17.8
"2018-02-13",18.028
"2018-02-14",17.923
"2018-02-15",17.606
"2018-02-16",18.042
"2018-02-17",18.042
"2018-02-18",18.042
"2018-02-19",18.919
"2018-02-20",19.488
"2018-02-21",19.449
"2018-02-22",19.499
"2018-02-23",20.36
"2018-02-24",20.36
"2018-02-25",20.36
"2018-02-26",18.328
"2018-02-27",18.62
"2018-02-28",17.633
"2018-03-01",17.804
"2018-03-02",18.044
"2018-03-03",18.044
"2018-03-04",18.044
"2018-03-05",17.809
"2018-03-06",18.075
"2018-03-07",17.997
"2018-03-08",18.479
"2018-03-09",18.998
"2018-03-10",18.998
"2018-03-11",18.998
"2018-03-12",19.987
"2018-03-13",19.521
"2018-03-14",18.424
"2018-03-15",18.899
"2018-03-16",18.668
"2018-03-17",18.668
"2018-03-18",18.668
"2018-03-19",18.666
"2018-03-20",19.124
"2018-03-21",19.4
"2018-03-22",18.93
"2018-03-23",18.476
"2018-03-24",18.476
"2018-03-25",18.476
"2018-03-26",18.051
"2018-03-27",18.589
"2018-03-28",18.52
"2018-03-29",18.451
"2018-03-30",18.451
"2018-03-31",18.451
"2018-04-01",18.451
"2018-04-02",18.451
"2018-04-03",18.269
"2018-04-04",18.4
"2018-04-05",18.326
"2018-04-06",18.364
"2018-04-07",18.364
"2018-04-08",18.364
"2018-04-09",18.901
"2018-04-10",19.02
"2018-04-11",19.538
"2018-04-12",19.324
"2018-04-13",19.912
"2018-04-14",19.912
"2018-04-15",19.912
"2018-04-16",19.513
"2018-04-17",19.322
"2018-04-18",19.473
"2018-04-19",19.968
"2018-04-20",19.851
"2018-04-21",19.851
"2018-04-22",19.851
"2018-04-23",20.004
"2018-04-24",19.897
"2018-04-25",19.985
"2018-04-26",20.358
"2018-04-27",20.37
"2018-04-28",20.37
"2018-04-29",20.37
"2018-04-30",20.708
"2018-05-01",20.708
"2018-05-02",19.953
"2018-05-03",20.084
"2018-05-04",20.521
"2018-05-05",20.521
"2018-05-06",20.521
"2018-05-07",20.521
"2018-05-08",20.852
"2018-05-09",20.972
"2018-05-10",21.116
"2018-05-11",21.427
"2018-05-12",21.427
"2018-05-13",21.427
"2018-05-14",21.746
"2018-05-15",21.842
"2018-05-16",21.699
"2018-05-17",22.457
"2018-05-18",22.265
"2018-05-19",22.265
"2018-05-20",22.265
"2018-05-21",22.533
"2018-05-22",23.065
"2018-05-23",22.865
"2018-05-24",22.804
"2018-05-25",22.101
"2018-05-26",22.101
"2018-05-27",22.101
"2018-05-28",22.101
"2018-05-29",22.857
"2018-05-30",23.13
"2018-05-31",22.81
"2018-06-01",22.165
"2018-06-02",22.165
"2018-06-03",22.165
"2018-06-04",22.19
"2018-06-05",21.649
"2018-06-06",21.294
"2018-06-07",21.706
"2018-06-08",21.63
"2018-06-09",21.63
"2018-06-10",21.63
"2018-06-11",21.5
"2018-06-12",21.891
"2018-06-13",22.531
"2018-06-14",22.767
"2018-06-15",21.787
"2018-06-16",21.787
"2018-06-17",21.787
"2018-06-18",22.275
"2018-06-19",21.802
"2018-06-20",21.629
"2018-06-21",21.5
"2018-06-22",21.841
"2018-06-23",21.841
"2018-06-24",21.841
"2018-06-25",21.887
"2018-06-26",21.544
"2018-06-27",22.193
"2018-06-28",22.2
"2018-06-29",21.925
"2018-06-30",21.925
"2018-07-01",21.925
"2018-07-02",22.333
"2018-07-03",22.388
"2018-07-04",22.386
"2018-07-05",22.553
"2018-07-06",22.347
"2018-07-07",22.347
"2018-07-08",22.347
"2018-07-09",22.655
"2018-07-10",22.793
"2018-07-11",22.626
"2018-07-12",22.045
"2018-07-13",22.377
"2018-07-14",22.377
"2018-07-15",22.377
"2018-07-16",22.053
"2018-07-17",21.932
"2018-07-18",22.176
"2018-07-19",22.202
"2018-07-20",21.891
"2018-07-21",21.891
"2018-07-22",21.891
"2018-07-23",22.079
"2018-07-24",22.26
"2018-07-25",22.214
"2018-07-26",22.205
"2018-07-27",21.951
"2018-07-28",21.951
"2018-07-29",21.951
"2018-07-30",22.09
"2018-07-31",22.369
"2018-08-01",21.99
"2018-08-02",22.023
"2018-08-03",22.356
"2018-08-04",22.356
"2018-08-05",22.356
"2018-08-06",22.538
"2018-08-07",22.622
"2018-08-08",22.603
"2018-08-09",22.707
"2018-08-10",22.913
"2018-08-11",22.913
"2018-08-12",22.913
"2018-08-13",23.527
"2018-08-14",23.74
"2018-08-15",23.479
"2018-08-16",23.836
"2018-08-17",24.221
"2018-08-18",24.221
"2018-08-19",24.221
"2018-08-20",24.228
"2018-08-21",24.432
"2018-08-22",24.396
"2018-08-23",24.893
"2018-08-24",24.94
"2018-08-25",24.94
"2018-08-26",24.94
"2018-08-27",24.94
"2018-08-28",25.262
"2018-08-29",25.934
"2018-08-30",26.05
"2018-08-31",25.924
"2018-09-01",25.924
"2018-09-02",25.924
"2018-09-03",26.318
"2018-09-04",26.63
"2018-09-05",27.125
"2018-09-06",27.617
"2018-09-07",27.992
"2018-09-08",27.992
"2018-09-09",27.992
"2018-09-10",29.114
"2018-09-11",28.871
"2018-09-12",27.54
"2018-09-13",26.895
"2018-09-14",26.963
"2018-09-15",26.963
"2018-09-16",26.963
"2018-09-17",28.052
"2018-09-18",27.53
"2018-09-19",28.456
"2018-09-20",28.543
"2018-09-21",28.581
"2018-09-22",28.581
"2018-09-23",28.581
"2018-09-24",29.201
"2018-09-25",29.268
"2018-09-26",28.262
"2018-09-27",27.53
"2018-09-28",27.466
"2018-09-29",27.466
"2018-09-30",27.466
"2018-10-01",27.4
"2018-10-02",27.341
"2018-10-03",27.233
"2018-10-04",27.584
"2018-10-05",28.17
"2018-10-06",28.17
"2018-10-07",28.17
"2018-10-08",27.219
"2018-10-09",26.955
"2018-10-10",26.316
"2018-10-11",25.863
"2018-10-12",26.698
"2018-10-13",26.698
"2018-10-14",26.698
"2018-10-15",26.756
"2018-10-16",26.33
"2018-10-17",26.001
"2018-10-18",26.145
"2018-10-19",26.966
"2018-10-20",26.966
"2018-10-21",26.966
"2018-10-22",26.277
"2018-10-23",25.794
"2018-10-24",25.452
"2018-10-25",25.047
"2018-10-26",24.573
"2018-10-27",24.573
"2018-10-28",24.573
"2018-10-29",24.949
"2018-10-30",24.4
"2018-10-31",24.544
"2018-11-01",23.839
"2018-11-02",24.432
"2018-11-03",24.432
"2018-11-04",24.432
"2018-11-05",23.971
"2018-11-06",24.075
"2018-11-07",24.599
"2018-11-08",24.599
"2018-11-09",24.423
"2018-11-10",24.423
"2018-11-11",24.423
"2018-11-12",26.029
"2018-11-13",26.595
"2018-11-14",26.427
"2018-11-15",26.764
"2018-11-16",26.058
"2018-11-17",26.058
"2018-11-18",26.058
"2018-11-19",24.302
"2018-11-20",24.546
"2018-11-21",24.65
"2018-11-22",24.954
"2018-11-23",25.013
"2018-11-24",25.013
"2018-11-25",25.013
"2018-11-26",24.875
"2018-11-27",25.543
"2018-11-28",24.619
"2018-11-29",25
"2018-11-30",24.798
"2018-12-01",24.798
"2018-12-02",24.798
"2018-12-03",25.236
"2018-12-04",24.555
"2018-12-05",23.973
"2018-12-06",23.385
"2018-12-07",23.276
"2018-12-08",23.276
"2018-12-09",23.276
"2018-12-10",23.373
"2018-12-11",23.741
"2018-12-12",24.1
"2018-12-13",24.415
"2018-12-14",24.747
"2018-12-15",24.747
"2018-12-16",24.747
"2018-12-17",24.882
"2018-12-18",23.908
"2018-12-19",24.296
"2018-12-20",24.611
"2018-12-21",24.861
"2018-12-22",24.861
"2018-12-23",24.861
"2018-12-24",24.644
"2018-12-25",24.644
"2018-12-26",24.644
"2018-12-27",23.377
"2018-12-28",22.83
"2018-12-29",22.83
"2018-12-30",22.83
"2018-12-31",22.4
"2019-01-01",22.4
"2019-01-02",22.591
"2019-01-03",22.369
"2019-01-04",23.137
"2019-01-05",23.137
"2019-01-06",23.137
"2019-01-07",21.646
"2019-01-08",22.318
"2019-01-09",21.997
"2019-01-10",22.019
"2019-01-11",22.592
"2019-01-12",22.592
"2019-01-13",22.592
